X,K,L,NMI,RAND,DAVIES
X_train_norm,13,7,0.458944721006,0.3200883638,6.7381931943
X_train_norm,13,7,0.508088920053,0.359824533151,6.85128641104
X_train_norm,13,7,0.512012226518,0.332218991739,6.60233432237
X_train_norm,13,7,0.489503650662,0.340364722403,6.88330129303
X_train_norm,13,7,0.469695571251,0.284398127263,6.56344557772
X_train_norm,13,7,0.496858805031,0.340075212623,6.82608547137
