X,K,L,NMI,RAND,DAVIES
X_train_tfidf,13,19,0.5364123781,0.318135791849,7.76385053805
