X,K,L,NMI,RAND,DAVIES
X_train,13,13,0.488805415146,0.318494574934,6.66536835998
X_train,13,13,0.458497193409,0.311047727897,6.80648081388
X_train_tfidf,13,13,0.575627644189,0.392655638861,7.98512657759
