X,K,L,NMI,RAND,DAVIES
X_train_tfidf,13,16,0.548440637634,0.341382808111,7.74359637773
X_train_tfidf,13,16,0.528311599502,0.317021859996,7.91675322865
X_train_tfidf,13,16,0.557583045985,0.354034215026,7.81955079322
