X,K,L,NMI,RAND,DAVIES
X_train_norm_tfidf,13,10,0.548834373698,0.35015909806,7.7841417904
X_train_norm_tfidf,13,10,0.5643697647,0.366363253859,7.98658630318
