X,K,L,NMI,RAND,DAVIES
X_train_norm_tfidf,13,13,0.43814418892,0.176903043011,8.25900358672
X_train_norm_tfidf,13,13,0.438740923633,0.0882136630292,5.64594684177
X_train_norm_tfidf,13,13,0.436465273671,0.0808112062931,nan
X_train_norm_tfidf,13,13,0.390099367889,0.0352224754588,5.72409052668
X_train_norm_tfidf,13,13,0.374126210584,0.0419343800276,5.86727948426
