X,K,L,NMI,RAND,DAVIES
X_train_norm_tfidf,13,10,0.453588961006,0.089692973421,nan
X_train_norm_tfidf,13,10,0.350700491187,0.0241832854574,5.77397729185
X_train_norm_tfidf,13,10,0.382903279949,0.122292850384,7.79898490135
X_train_norm_tfidf,13,10,0.386622814143,0.119231270473,8.47405258181
X_train_norm_tfidf,13,10,0.455882555466,0.161976614847,8.19377780497
X_train_norm_tfidf,13,10,0.417268599011,0.104643366013,7.84913400098
X_train_norm_tfidf,13,10,0.35358406737,0.0648192724503,5.22507796466
X_train_norm_tfidf,13,10,0.337078214798,0.0948718366702,nan
