X,K,L,NMI,RAND,DAVIES
X_train_norm_tfidf,13,19,0.398887651325,0.0524206201808,5.77409929071
X_train_norm_tfidf,13,19,0.475225804079,0.122107366803,6.54212405565
X_train_norm_tfidf,13,19,0.391300115312,0.0502387563169,5.78275120072
X_train_norm_tfidf,13,19,0.432753986932,0.0813861896916,5.66596636111
X_train_norm_tfidf,13,19,0.394557834059,0.0488635338302,5.42243074014
X_train_norm_tfidf,13,19,0.420213683204,0.0637143775644,5.69076524524
