X,K,L,NMI,RAND,DAVIES
X_train_norm_tfidf,13,16,0.421573542582,0.0784885472235,5.82966580998
X_train_norm_tfidf,13,16,0.456642003969,0.151266944063,6.35789245989
X_train_norm_tfidf,13,16,0.410381178767,0.059257806977,6.01600238217
X_train_norm_tfidf,13,16,0.468645074446,0.114508142005,6.14551597087
X_train_norm_tfidf,13,16,0.386864269154,0.0857166482641,6.08125209736
X_train_norm_tfidf,13,16,0.409966842517,0.0735997497906,6.2951317346
X_train_norm_tfidf,13,16,0.464165519037,0.0911417100793,5.96357772665
