X,K,L,NMI,RAND,DAVIES
X_train_norm,13,16,0.502199379607,0.353806524807,6.81960251586
X_train_norm,13,16,0.487036292789,0.337710571206,6.97478703361
X_train_norm,13,16,0.503840577119,0.371378429941,6.83619047955
X_train_norm,13,16,0.50606151654,0.336500379608,6.67306318007
