X,K,L,NMI,RAND,DAVIES
X_train_norm,13,13,0.503261206241,0.369883945803,6.82274033726
X_train_norm,13,13,0.500916036575,0.355583720119,6.8260291031
X_train_norm,13,13,0.498445540842,0.356278849184,6.83787008818
X_train_norm,13,13,0.498646626531,0.334095045865,6.57955374045
