X,K,L,NMI,RAND,DAVIES
X_train_norm_tfidf,13,10,0.553019911955,0.350948306945,7.60338581337
X_train_norm_tfidf,13,10,0.514705090855,0.334139611175,7.93993770624
X_train_norm_tfidf,13,10,0.572861020384,0.425096690048,7.86954924402
X_train_norm_tfidf,13,10,0.512487076924,0.306527626684,7.70268947069
X_train_norm_tfidf,13,10,0.555113102148,0.354061886648,7.91477954889
X_train_norm_tfidf,13,10,0.505882328676,0.30533692962,7.95758036229
X_train_norm_tfidf,13,10,0.546496697946,0.335076112441,7.94923643722
X_train_norm_tfidf,13,10,0.550521847248,0.351137406236,7.78834042621
