X,K,L,NMI,RAND,DAVIES
X_train_norm,13,7,0.501727844129,0.358173334883,6.79319701372
X_train_norm,13,7,0.465173869268,0.309771166055,6.6483406902
X_train_norm,13,7,0.499227801251,0.336309750048,6.84538363469
X_train_norm,13,7,0.510223156894,0.362419238523,6.69072681615
X_train_norm,13,7,0.412779169338,0.238930105865,6.76346343278
