X,K,L,NMI,RAND,DAVIES
X_train_tfidf,13,16,0.546238482993,0.352881172205,7.86780290508
X_train_tfidf,13,16,0.552469151617,0.362548157333,7.62818499551
X_train_tfidf,13,16,0.526166192327,0.319088118174,7.77851371019
X_train_tfidf,13,16,0.550323807348,0.348507279785,7.76660018967
X_train_tfidf,13,16,0.502308222072,0.306012692944,8.09270470921
X_train_tfidf,13,16,0.551316966533,0.346275046285,7.65401175768
X_train_tfidf,13,16,0.525460983031,0.326646396657,7.65191879114
