X,K,L,NMI,RAND,DAVIES
X_train_tfidf,13,13,0.553980051533,0.357837540678,7.8982384411
X_train_tfidf,13,13,0.554623672669,0.362547009152,7.89511966125
X_train_tfidf,13,13,0.513355446775,0.296155744691,7.48946497479
X_train_tfidf,13,13,0.552671818772,0.368559605731,8.00608179077
X_train_tfidf,13,13,0.497640534463,0.280435515202,7.8184367375
X_train_tfidf,13,13,0.542580515678,0.357695661878,7.66937200606
X_train_tfidf,13,13,0.545729154251,0.33098787514,7.9440305232
X_train_tfidf,13,13,0.55313633875,0.365338293923,7.82342744436
X_train_tfidf,13,13,0.553944937856,0.347478112275,7.7624180314
