X,K,L,NMI,RAND,DAVIES
X_train_norm,13,10,0.457509740878,0.308522760236,6.70304884952
X_train_norm,13,10,0.504671868689,0.332802557971,6.66230236055
X_train_norm,13,10,0.517947641689,0.351591966205,6.59940934109
X_train_norm,13,10,0.465863727492,0.307570122932,6.51852227155
