X,K,L,NMI,RAND,DAVIES
X_train_tfidf,13,19,0.533535284864,0.32965756777,7.67553579965
X_train_tfidf,13,19,0.543564750789,0.346437966524,7.88472354523
X_train_tfidf,13,19,0.533517906624,0.333529831197,7.72578847019
X_train_tfidf,13,19,0.547148950934,0.344253243325,7.95410355084
X_train_tfidf,13,19,0.549402924339,0.357623908419,7.71197529048
X_train_tfidf,13,19,0.522092283944,0.297173637764,7.75207787771
X_train_tfidf,13,19,0.490521161775,0.284340773197,7.95216591684
X_train_tfidf,13,19,0.552108114635,0.329247552309,7.84781969177
X_train_tfidf,13,19,0.54955725318,0.339501675734,7.60406471986
