X,K,L,NMI,RAND,DAVIES
X_train_norm,13,19,0.488856224827,0.356693728667,6.86370322881
X_train_norm,13,19,0.463936702089,0.311186585375,6.70695663456
X_train_norm,13,19,0.49824998259,0.331257035184,6.73409610542
X_train_norm,13,19,0.509702045886,0.333705121221,6.54289333725
