X,K,L,NMI,RAND,DAVIES
X_train,13,10,0.478363879732,0.346707932922,6.88645941307
X_train,13,10,0.495500666757,0.308406099178,6.68327951509
X_train,13,10,0.495387982355,0.32847870716,6.73909061388
X_train,13,10,0.49620130705,0.35647438078,6.8555508493
X_train,13,10,0.496563402531,0.35768242577,6.84113325372
X_train,13,10,0.507968142126,0.337418746995,6.70470051361
X_train,13,10,0.4734926408,0.322892270625,6.67043650679
X_train,13,10,0.502129041543,0.355734198785,6.80366877917
