X,K,L,NMI,RAND,DAVIES
X_train,13,13,0.50726837606,0.341971858995,6.71361779059
X_train,13,13,0.463312283587,0.302570493768,6.78451762269
X_train,13,13,0.500132369138,0.332431690101,6.68066619461
X_train,13,13,0.509985418813,0.339679612055,6.73734608408
X_train,13,13,0.504274387547,0.331653992905,6.71390524296
X_train,13,13,0.501911171248,0.332613043061,6.64867019811
X_train,13,13,0.461508197734,0.285450780743,6.67544849867
X_train,13,13,0.498451893824,0.359569142847,6.84666739104
