X,K,L,NMI,RAND,DAVIES
X_train,13,16,0.461997904449,0.316426942257,6.89537219104
X_train,13,16,0.517839767295,0.356214857343,6.98494510411
X_train,13,16,0.499291481256,0.313405286233,6.7079586914
X_train,13,16,0.495836595553,0.332702029741,6.70752141116
X_train,13,16,0.465079572098,0.305370356421,6.83340339793
X_train,13,16,0.506939633046,0.339651011,6.60047503714
X_train,13,16,0.474152088436,0.338502126954,6.69267938014
X_train,13,16,0.501056795745,0.331322157037,6.64183055872
X_train,13,16,0.501319244065,0.340388545459,6.7123743299
