X,K,L,NMI,RAND,DAVIES
X_train_tfidf,13,19,0.450366141804,0.0981276619141,5.96656582026
