X,K,L,NMI,RAND,DAVIES
X_train_tfidf,13,19,0.488349577664,0.244297211921,6.87144874105
X_train_tfidf,13,19,0.536366393976,0.312711891051,7.0012835603
X_train_tfidf,13,19,0.521955294767,0.30246228146,7.33469952739
X_train_tfidf,13,19,0.566769597075,0.289638474431,7.15307554379
X_train_tfidf,13,19,0.521402430379,0.303702413869,7.41491426635
X_train_tfidf,13,19,0.427265884904,0.160349048513,6.41490341341
X_train_tfidf,13,19,0.52312905626,0.280489280333,7.17105490206
X_train_tfidf,13,19,0.576999723051,0.350772298114,7.6654837892
X_train_tfidf,13,19,0.581142640333,0.310467047333,6.73459718262
