X,K,L,NMI,RAND,DAVIES
X_train,13,19,0.521476236027,0.322748189127,6.36371557233
X_train,13,19,0.51770471306,0.245492726665,5.18904753522
X_train,13,19,0.563853397098,0.39199701603,5.7682453451
X_train,13,19,0.551317184172,0.366983020139,5.38635789839
X_train,13,19,0.529980696364,0.351232994884,5.65568854459
X_train,13,19,0.577326294203,0.399581755249,6.26432528185
X_train,13,19,0.555406705844,0.35860597004,6.05506303672
X_train,13,19,0.565183519394,0.313105559002,5.66114423264
X_train,13,19,0.526967985408,0.382437459381,5.62270929227
