X,K,L,NMI,RAND,DAVIES
X_train_norm_tfidf,13,19,0.551968145069,0.266362614824,6.91342269943
X_train_norm_tfidf,13,19,0.534744611783,0.28914376768,7.22664980407
X_train_norm_tfidf,13,19,0.495741693862,0.200249131693,6.91251922606
X_train_norm_tfidf,13,19,0.581122944807,0.350493190405,8.45198742983
X_train_norm_tfidf,13,19,0.547100785323,0.278463315434,7.22971388158
X_train_norm_tfidf,13,19,0.541701125887,0.269864443579,6.86995177741
X_train_norm_tfidf,13,19,0.522516545492,0.248620097174,7.69819424884
X_train_norm_tfidf,13,19,0.503110028994,0.248052636145,7.3925961337
X_train_norm_tfidf,13,19,0.597902262116,0.377359710695,8.0419950607
