X,K,L,NMI,RAND,DAVIES
X_train_norm,13,19,0.475193128154,0.259224299455,5.70357808402
X_train_norm,13,19,0.555659634667,0.400886376101,6.45642395835
X_train_norm,13,19,0.481638464968,0.271086815102,6.27984392392
X_train_norm,13,19,0.419647667737,0.206028140696,5.33194630906
X_train_norm,13,19,0.483943171989,0.306283138638,5.30704408081
X_train_norm,13,19,0.471084554413,0.282582971989,5.87870070024
X_train_norm,13,19,0.568151347057,0.343836920072,5.38491009197
X_train_norm,13,19,0.515033982321,0.309771574542,5.72189178045
X_train_norm,13,19,0.542637565381,0.347979900564,6.43799522563
